Time,Alpha,Smoothed_Alpha
0.0020000000949949,0,0.0296181331312579
0.462999999523163,0.0156937735795837,0.0389650912653696
0.939000010490417,0.0342281008760389,0.0485399334038566
1.38800001144409,0.0570231317673008,0.057505046883955
1.80299997329712,0.0741372245321491,0.0657401095504778
2.17899990081787,0.0820195812074224,0.0731645592220883
2.64599990844727,0.0912512326433326,0.0823449050080501
3.04900002479553,0.100553908503878,0.0902370753970193
3.45099997520447,0.109146424771783,0.0980876374047647
3.87899994850159,0.116247682083461,0.106427090510414
4.29400014877319,0.123348939395132,0.114498897505159
4.72200012207031,0.132651615255677,0.122811715438621
5.11199998855591,0.140533971930951,0.130376644026337
5.52699995040894,0.148345388835261,0.13841282358992
5.92899990081787,0.156227830164199,0.146170822409431
6.34499979019165,0.165459481600109,0.154128201966684
6.78599977493286,0.166169556539077,0.162342444998371
7.20100021362305,0.165459481600109,0.169504093200988
7.56400012969971,0.173341838275383,0.175540285164624
8.0310001373291,0.1825734897113,0.183104736235522
8.43400001525879,0.189745771447606,0.189550847250465
8.83600044250488,0.190455931040238,0.195925631008888
9.26399993896485,0.198267263290884,0.202693977929275
9.66899967193604,0.205439545027189,0.209064374030013
10.0659999847412,0.206859779558789,0.215321884661014
10.4160003662109,0.2146711964631,0.220829612149599
10.789999961853,0.231785289227948,0.226733326944294
11.1639995574951,0.240377805495861,0.232670873569297
11.5260000228882,0.240377805495861,0.238455457745349
11.9350004196167,0.248899297339139,0.24500310310244
12.2969999313355,0.248899297339139,0.250776725829478
12.670000076294,0.256781696341243,0.256689062902585
13.0319995880127,0.256781696341243,0.26234678980012
13.3940000534058,0.272475512247659,0.267944816459038
13.7679996490479,0.272475512247659,0.27370846812391
14.1540002822876,0.280997004090937,0.279528611119713
14.5509996414185,0.288879403093044,0.285345114586345
14.9130001068115,0.296690819997353,0.290666601065503
15.2629995346069,0.305993453531062,0.295648900933891
15.6370000839233,0.306703570796864,0.300791522547048
16.0340003967285,0.313804870435371,0.306168071686514
16.3610000610352,0.313804870435371,0.3104039729542
16.746000289917,0.321687269437478,0.315382671278751
17.1399993896484,0.323107503969081,0.320367098601003
17.5769996643066,0.323107503969081,0.325834792118652
17.9750003814697,0.330989902971187,0.330708464050324
18.3990001678467,0.338091160282863,0.335821254046158
18.7970008850098,0.338801319875497,0.340489371777579
19.2339992523193,0.346683718877603,0.345550499402657
19.6319999694824,0.351654582065044,0.350069696262778
20.0559997558594,0.355205210720882,0.354792190720254
20.4540004730225,0.363087609722988,0.359139985440805
20.8780002593994,0.363087609722988,0.363710065430576
21.2639999389648,0.363797769315622,0.367809050001683
21.7000007629395,0.373029378424702,0.372378424495288
22.1110000610352,0.3723192611589,0.376620351370223
22.5219993591309,0.380911777426808,0.380835178973127
22.9080009460449,0.389433311596918,0.384723010952995
23.3320007324219,0.395185358801622,0.388963028756915
23.7299995422363,0.397315710599025,0.392877153880879
24.1539993286133,0.397315710599025,0.397003379429314
24.5779991149902,0.405127127503334,0.401057998992484
24.9890003204346,0.410879132381206,0.404932779516909
25.3990001678467,0.413009526505441,0.408696827417652
25.8649997711182,0.413009526505441,0.412942827719018
26.3169994354248,0.413009526505441,0.417002426525619
26.7409992218018,0.421531018348719,0.42074377990779
27.2080001831055,0.427993182819224,0.424812208786092
27.6879997253418,0.429413417350826,0.428964516113022
28.1399993896484,0.429413417350826,0.432805599259758
28.5639991760254,0.437934951520937,0.43637089517578
29.0300006866455,0.446527467788845,0.440231466380248
29.4969997406006,0.446527467788845,0.444039013823451
29.9069995880127,0.446527467788845,0.447317130323952
30.3729991912842,0.446527467788845,0.450983798320266
30.8390007019043,0.454338884693154,0.45458099595572
31.3059997558594,0.454338884693154,0.458102032963831
31.757999420166,0.463641518226863,0.461459817615177
32.2099990844727,0.463641518226863,0.464713911216276
32.6199989318848,0.471452935131172,0.467590275404875
33.0999984741211,0.477204940009044,0.470939823484272
33.5660018920898,0.479335334133279,0.474121067783279
34.0050010681152,0.481465685930683,0.477059575846393
34.4550018310547,0.487146708710757,0.480017320188713
34.9679985046387,0.487146708710757,0.483381731153921
35.435001373291,0.487146708710757,0.486380255318397
35.9790000915527,0.487146708710757,0.489842447581652
36.4609985351563,0.495739224978664,0.492847991110424
36.9729995727539,0.495739224978664,0.496020465012735
37.4550018310547,0.495739224978664,0.49897467688146
37.9370002746582,0.503550641882973,0.501906956541588
38.435001373291,0.503550641882973,0.504909149187001
38.931999206543,0.503550641882973,0.507877201456335
39.4609985351563,0.512143158150882,0.511003955361331
39.9109992980957,0.512143158150882,0.513651643832081
40.439998626709,0.513563392682484,0.516728393633316
40.9529991149902,0.520664692320992,0.519695672591221
41.4500007629395,0.521374809586794,0.522563679948378
41.9480018615723,0.526416697198864,0.525436854029684
42.4290008544922,0.5292572085889,0.528215297470552
42.9420013427734,0.5292572085889,0.531191809751206
43.423999786377,0.536358465900576,0.533996224636412
43.9220008850098,0.537778700432178,0.536891712241443
44.4519996643066,0.545661141761117,0.539973937724403
44.9990005493164,0.545661141761117,0.543143017041722
45.5460014343262,0.546371259026919,0.54629286447686
46.1100006103516,0.553472516338594,0.549513737985653
46.6570014953613,0.553472516338594,0.552602245202586
47.1879997253418,0.553472516338594,0.555544585323099
47.7350006103516,0.553472516338594,0.558551129442761
48.2820014953613,0.561354915340701,0.561514503273383
48.8460006713867,0.561354915340701,0.564525084255204
49.3930015563965,0.569876449510812,0.567388928556466
49.9230003356934,0.569876449510812,0.570121353880881
50.4879989624024,0.579889200310322,0.572988458154619
51,0.57846896577872,0.575521711366879
51.564998626709,0.57846896577872,0.578296358996599
52.1290016174317,0.57846896577872,0.581009434609158
52.6590003967285,0.587061482046628,0.583515716070123
53.2229995727539,0.587771599312429,0.586138363385656
53.7529983520508,0.587771599312429,0.588580988895573
54.2999992370606,0.594872898950937,0.591022450266406
54.8479995727539,0.595583016216738,0.593471154644229
55.4140014648438,0.595583016216738,0.595927869090868
55.9780006408692,0.602755297953044,0.598348175420635
56.6360015869141,0.603465415218845,0.601135244287716
57.2190017700195,0.603465415218845,0.603516179855917
57.8019981384277,0.603465415218845,0.605847986409226
58.3849983215332,0.61198692822554,0.608163951895933
58.9869995117188,0.61198692822554,0.610525144857135
59.5509986877442,0.610566672530521,0.612716984113533
60.1529998779297,0.61198692822554,0.615048361331445
60.8300018310547,0.619869327227646,0.617641054792666
61.4129981994629,0.619869327227646,0.619857304614095
62.0340003967285,0.619869327227646,0.622194137701229
62.617000579834,0.627680722968539,0.624358399103281
63.2379989624024,0.627680722968539,0.626639418034252
63.7639999389649,0.627680722968539,0.628540425542297
64.4599990844727,0.627680722968539,0.631042546739399
65.0059967041016,0.635563121970646,0.632975984688555
65.6640014648438,0.635563121970646,0.63530053635149
66.2470016479492,0.635563121970646,0.637341016974681
66.8109970092774,0.64408463497734,0.639298184574977
67.4509963989258,0.64408463497734,0.641493882190183
68.1539993286133,0.64408463497734,0.643886746680704
68.7750015258789,0.64408463497734,0.645949352416078
69.4779968261719,0.652677172408664,0.648265350819092
70.1399993896485,0.654097428103683,0.650400117566179
70.6989974975586,0.652677172408664,0.652165847919567
71.4649963378906,0.652677172408664,0.654539029081159
72.1060028076172,0.654097428103683,0.656521485347749
72.7679977416992,0.65977842972034,0.658552641705001
73.4509963989258,0.661198685415359,0.660616956130745
74.0920028686524,0.661198685415359,0.662555390671292
74.7750015258789,0.669081084417466,0.664627849919367
75.436996459961,0.669081084417466,0.666626210039178
76.0780029296875,0.669081084417466,0.668570241423978
76.7399978637695,0.669081084417466,0.67058930678716
77.3820037841797,0.669081084417466,0.672579519481365
78.0230026245117,0.669081084417466,0.674572396950331
78.7470016479492,0.678312735853377,0.67682722000831
79.3889999389649,0.678312735853377,0.678849123662714
80.0510025024414,0.678312735853377,0.680959222534517
80.6729965209961,0.678312735853377,0.682957266696208
81.1729965209961,0.686195134855484,0.684583527861926
81.6100006103516,0.686195134855484,0.686028187780881
82.1569976806641,0.686195134855484,0.687842494257271
82.6569976806641,0.694006530596377,0.689522964075341
83.1729965209961,0.694006530596377,0.691283620160782
83.6259994506836,0.694006530596377,0.692858746988888
84.1569976806641,0.694006530596377,0.694739354983959
84.6259994506836,0.694006530596377,0.696409838184203
85.1729965209961,0.694006530596377,0.69835682054733
85.6569976806641,0.701888929598484,0.700071452659828
86.140998840332,0.701888929598484,0.701777028095745
86.6729965209961,0.701888929598484,0.703633521887184
87.140998840332,0.706149696683539,0.705253901753534
87.6569976806641,0.710410442605178,0.707015772159339
88.140998840332,0.710410442605178,0.708635184369005
88.6569976806641,0.710410442605178,0.710339168691864
89.1729965209961,0.710410442605178,0.712021604443374
89.6569976806641,0.710410442605178,0.713578287312384
90.1569976806641,0.719002980036502,0.715170328764323
90.6569976806641,0.719002980036502,0.716746998689438
91.140998840332,0.720423235731521,0.718268833781069
91.640998840332,0.720423235731521,0.719829250662096
92.140998840332,0.719002980036502,0.72137791425027
92.6729965209961,0.725394120082377,0.723002441371123
93.1259994506836,0.726814375777395,0.724390209424263
93.6569976806641,0.728234631472414,0.726009352292627
94.1100006103516,0.728234631472414,0.727391495061541
94.6569976806641,0.726814375777395,0.729070368477145
95.140998840332,0.728234631472414,0.730551811898327
95.6729965209961,0.726814375777395,0.73217043799733
96.1729965209961,0.736117030474521,0.733678206684707
96.6729965209961,0.736117030474521,0.73517014735269
97.1729965209961,0.736117030474521,0.736646809801658
97.6729965209961,0.735406892045304,0.738108645523655
98.1569976806641,0.736117030474521,0.7395124936107
98.6409988403321,0.743218287786196,0.74091383943275
99.1729965209961,0.743928426215413,0.742462442260634
99.6569976806641,0.743218287786196,0.743882797298293
100.172996520996,0.743928426215413,0.745406485513258
100.674003601074,0.752520942483322,0.746891561146951
101.223999023438,0.752520942483322,0.748522269850633
101.774002075195,0.752520942483322,0.750150135446567
102.341003417969,0.752520942483322,0.751806629035455
102.874000549316,0.751100686788303,0.753348173342151
103.44100189209,0.752520942483322,0.754945464990139
103.990997314453,0.752520942483322,0.75646444405152
104.50700378418,0.760332338224215,0.757852024915434
105.056999206543,0.760332338224215,0.759296133306585
105.624000549316,0.760332338224215,0.760734267477046
106.19100189209,0.760332338224215,0.762143737212835
106.740997314453,0.768214737226322,0.763480773056657
107.274002075195,0.768214737226322,0.764751829155652
107.823997497559,0.768214737226322,0.766061571843634
108.390998840332,0.768214737226322,0.767410190900213
108.889999389648,0.768214737226322,0.768598056351632
109.508003234863,0.768214737226322,0.770085924086767
110.041000366211,0.768214737226322,0.771392630417837
110.591003417969,0.776026132967215,0.77275322222201
111.089996337891,0.776026132967215,0.77398632739544
111.670997619629,0.776026132967215,0.775414748814177
112.166000366211,0.776026132967215,0.776617761152568
112.644996643066,0.776026132967215,0.777770395860932
113.139999389648,0.776026132967215,0.77896547184676
113.651000976563,0.776026132967215,0.780212809129058
114.129997253418,0.776026132967215,0.781382611959136
114.655998229981,0.78532878766434,0.78268399892332
115.136001586914,0.78532878766434,0.783883909925247
115.61499786377,0.78532878766434,0.785107937543896
116.110000610352,0.78532878766434,0.786392792482408
116.636001586914,0.78532878766434,0.787773751209765
117.115997314453,0.793140172823525,0.789051544694688
117.611000061035,0.793140172823525,0.790378563387653
118.089996337891,0.794560428518544,0.791669201594892
118.584999084473,0.793140172823525,0.793003522722256
119.033996582031,0.793140172823525,0.794214184289493
119.574996948242,0.793140172823525,0.795673775323633
120.069999694824,0.793140172823525,0.797002583861264
120.581001281738,0.80102258240734,0.798367462734949
121.091003417969,0.802442838102358,0.799703739691164
121.587997436523,0.80102258240734,0.800984281687226
122.072998046875,0.80102258240734,0.802211347689771
122.572998046875,0.802442838102358,0.803449581787288
123.072998046875,0.802442838102358,0.804658495380918
123.556999206543,0.809544095414034,0.80581340019975
124.072998046875,0.810254223261544,0.807018617704556
124.556999206543,0.809544095414034,0.808140210535124
125.072998046875,0.809544095414034,0.809326492940419
125.556999206543,0.809544095414034,0.810440555964634
126.072998046875,0.809544095414034,0.811611762539454
126.556999206543,0.810254223261544,0.81270159737901
127.072998046875,0.818136622263651,0.813841324964491
127.572998046875,0.818136622263651,0.81493584275661
128.087997436523,0.818136622263651,0.816054483816765
128.557006835938,0.818136622263651,0.817070350191191
129.087997436523,0.818136622263651,0.818218516205168
129.587997436523,0.818136622263651,0.819298850886214
130.072998046875,0.818136622263651,0.820345359622714
130.587997436523,0.818136622263651,0.821458312690762
131.057006835938,0.818136622263651,0.822477467547079
131.587997436523,0.826658145852053,0.823639584882564
132.057006835938,0.826658145852053,0.824685497643013
132.557006835938,0.826658145852053,0.825807706229587
133.087997436523,0.826658145852053,0.827001971245574
133.572998046875,0.826658145852053,0.8280867478579
134.057006835938,0.826658145852053,0.829162739562193
134.587997436523,0.826658145852053,0.830345551062099
135.072998046875,0.834540544854159,0.831429753929072
135.572998046875,0.834540544854159,0.832560116614044
136.057006835938,0.834540544854159,0.833666650802107
136.587997436523,0.834540544854159,0.834882112619837
137.087997436523,0.834540544854159,0.836021994478272
137.572998046875,0.835250672701669,0.837111423256161
138.072998046875,0.842351940595053,0.838223025956559
138.572998046875,0.842351940595053,0.83931865467187
139.041000366211,0.842351940595053,0.840344788085712
139.557006835938,0.841641812747543,0.841482873818308
140.026000976563,0.842351940595053,0.842517790078388
140.526000976563,0.842351940595053,0.84362353688199
141.087997436523,0.842351940595053,0.844858331885204
141.574005126953,0.842351940595053,0.845907419780665
142.141006469727,0.85023433959716,0.847114415904565
142.690994262695,0.85023433959716,0.848268264560089
143.207000732422,0.85023433959716,0.849344218708838
143.809005737305,0.85023433959716,0.850596265290625
144.324005126953,0.85023433959716,0.851668449403024
144.873992919922,0.85023433959716,0.852809864013912
145.440994262695,0.85023433959716,0.853972367850404
145.990997314453,0.858755852603854,0.855081369256495
146.559005737305,0.859536994294285,0.856208585251695
147.074005126953,0.859536994294285,0.857233343673673
147.658996582031,0.859536994294285,0.858402602528436
148.208999633789,0.859536994294285,0.859501456494483
148.723999023438,0.859536994294285,0.860520960479071
149.309005737305,0.859536994294285,0.861665015946427
149.824005126953,0.859536994294285,0.862660626482357
150.391006469727,0.867348390035178,0.863743744385342
150.940994262695,0.867348390035178,0.864775379926421
151.490997314453,0.868768635148488,0.865791158296856
152.059005737305,0.867348390035178,0.866803208575852
152.570999145508,0.867348390035178,0.86768461280074
153.080993652344,0.867348390035178,0.86854330116269
153.544998168945,0.867348390035178,0.869299112242153
154.070999145508,0.867348390035178,0.870137493925154
154.550994873047,0.867348390035178,0.870901650719198
155.029998779297,0.875940916884794,0.871664016820824
155.509994506836,0.875940916884794,0.87242881684003
156.050994873047,0.875940916884794,0.873279261802314
156.514999389648,0.875940916884794,0.874006195049391
157.041000366211,0.876651044732303,0.874816338683908
157.52099609375,0.875940916884794,0.875552711077085
158,0.875940916884794,0.876290495880449
158.511001586914,0.876651044732303,0.877093939018743
159.005996704102,0.875940916884794,0.877888393503293
159.516006469727,0.875940916884794,0.878721169181817
159.979995727539,0.875940916884794,0.879478953468954
160.429000854492,0.875940916884794,0.880202582256034
160.985992431641,0.884462435182342,0.881107239439829
161.481002807617,0.883752307334833,0.881896534180381
161.975997924805,0.883752307334833,0.882683523173362
162.451995849609,0.883752307334833,0.883429724615376
162.897994995117,0.883752307334833,0.884137748816892
163.328994750977,0.884462435182342,0.884836501394244
163.774993896484,0.883752307334833,0.885575617937658
164.220001220703,0.883752307334833,0.886331008394644
164.679992675781,0.883752307334833,0.887117885619551
165.125,0.892344839475303,0.887884266199529
165.570999145508,0.891634711627794,0.888653933887892
166.016006469727,0.892344839475303,0.889422644405264
166.462005615234,0.892344839475303,0.890188016655131
166.921005249023,0.891634711627794,0.890961514139734
167.367004394531,0.892344839475303,0.891697334499706
167.770004272461,0.891634711627794,0.892349209767067
168.257995605469,0.892344839475303,0.89310302155063
168.688995361328,0.892344839475303,0.893749941199254
169.149002075195,0.891634711627794,0.894434010891786
169.552001953125,0.892344839475303,0.89500595947465
169.998001098633,0.892344839475303,0.895632588719168
170.470993041992,0.899446102077833,0.89629968282986
170.84700012207,0.900866352481998,0.896835464897798
171.378997802734,0.900866352481998,0.897599906499021
171.837997436523,0.899446102077833,0.898269606186165
172.343994140625,0.899446102077833,0.899016708373261
172.848999023438,0.900866352481998,0.899769414815082
173.324005126953,0.899446102077833,0.900483139248584
173.845001220703,0.900866352481998,0.901257072764367
174.335006713867,0.900866352481998,0.901965364719111
174.794006347656,0.899446102077833,0.902608478371889
175.29899597168,0.899446102077833,0.903305799936261
175.759002685547,0.899446102077833,0.903927565737517
176.279006958008,0.908748756774959,0.904624827901514
176.770004272461,0.908748756774959,0.905281334100103
177.274993896484,0.908748756774959,0.905958913554463
177.75,0.908748756774959,0.906602831322276
178.240005493164,0.908748756774959,0.907271874555874
178.714004516602,0.907967620375382,0.907925106070517
179.220001220703,0.908748756774959,0.90862268158781
179.710006713867,0.908748756774959,0.909288039624186
180.184997558594,0.908748756774959,0.909913111287479
180.705001831055,0.908748756774959,0.910581505475457
181.197998046875,0.908748756774959,0.911156597607671
181.736999511719,0.908748756774959,0.911770408826263
182.276992797852,0.916560147224998,0.91232295192398
182.815994262695,0.915850019377489,0.912816506487784
183.354995727539,0.913719641125815,0.91326666223473
183.893997192383,0.916560147224998,0.913704094950227
184.416000366211,0.916560147224998,0.914107825119037
184.97200012207,0.915850019377489,0.914561572809609
185.511001586914,0.916560147224998,0.915038817415487
186.050003051758,0.916560147224998,0.915547988165607
186.589004516602,0.916560147224998,0.916085290999928
187.110992431641,0.916560147224998,0.916620089569317
187.667007446289,0.915850019377489,0.917201442413088
188.188995361328,0.916560147224998,0.917747628058653
188.744995117188,0.916560147224998,0.918313912663487
189.283996582031,0.915850019377489,0.918846310709424
189.772994995117,0.916560147224998,0.919319583961412
190.378997802734,0.915850019377489,0.919869374036893
190.86799621582,0.915850019377489,0.920303499068005
191.42399597168,0.916560147224998,0.92077963667331
192.018005371094,0.92586280456755,0.921289094589584
192.610992431641,0.92586280456755,0.921815864626749
193.111999511719,0.92586280456755,0.922283490367082
193.723007202148,0.92586280456755,0.922887544381641
194.389999389648,0.92586280456755,0.923592954575145
194.945999145508,0.92586280456755,0.924210429469618
195.539001464844,0.92586280456755,0.924888858022024
196.151000976563,0.92586280456755,0.925594666417211
196.688003540039,0.92586280456755,0.926211147178344
197.317993164063,0.92586280456755,0.926903704592267
197.929000854492,0.92586280456755,0.927547945199964
198.522003173828,0.92586280456755,0.928130492836521
199.09700012207,0.92586280456755,0.928645862616412
199.707992553711,0.926572929769632,0.929141723579832
200.300994873047,0.92586280456755,0.929576796776229
200.893997192383,0.933674195017589,0.929983602995314
201.486999511719,0.933674195017589,0.930390083009296
202.098999023438,0.933674195017589,0.930831728898794
202.673004150391,0.933674195017589,0.931276523198438
203.285003662109,0.933674195017589,0.931783690224312
203.85400390625,0.933674195017589,0.932287393507527
204.371002197266,0.933674195017589,0.932765854508359
204.938003540039,0.933674195017589,0.933305599785836
205.421005249023,0.933674195017589,0.933770753342618
205.955001831055,0.933674195017589,0.934282036547161
206.522003173828,0.933674195017589,0.934814028612335
207.072006225586,0.933674195017589,0.93530695870169
207.572998046875,0.93296406717008,0.935730544990714
208.123001098633,0.933674195017589,0.936172137896855
208.673004150391,0.933674195017589,0.936590524131272
209.207000732422,0.933674195017589,0.93697757681207
209.723999023438,0.933674195017589,0.937346540582017
210.257995605469,0.941556596665123,0.937730285826909
210.791000366211,0.941556596665123,0.938117714833625
211.324996948242,0.941556596665123,0.938512333088267
211.841995239258,0.941556596665123,0.938899973713503
212.358993530273,0.941556596665123,0.939303790419635
212.925994873047,0.941556596665123,0.939749237355208
213.475997924805,0.941556596665123,0.940197117641323
213.99299621582,0.941556596665123,0.940642983572552
214.505004882813,0.941556596665123,0.941092176605156
214.985000610352,0.940846470140327,0.941521826601579
215.45100402832,0.941556596665123,0.941933569614834
215.945999145508,0.941556596665123,0.9423634239685
216.39599609375,0.941556596665123,0.942744435429955
216.876998901367,0.941556596665123,0.943139159773559
217.386993408203,0.941556596665123,0.943555724291999
217.88200378418,0.941556596665123,0.943958756308507
218.348007202148,0.941556596665123,0.944340899595692
218.723007202148,0.941556596665123,0.944641237036732
219.27799987793,0.941556596665123,0.945129038016922
219.772994995117,0.941556596665123,0.945561998825519
220.268997192383,0.950078113639958,0.945997936854042
220.67399597168,0.950078113639958,0.946361508909496
221.244003295898,0.950078113639958,0.946864411148789
221.710006713867,0.950078113639958,0.947290216904528
222.190002441406,0.950078113639958,0.94772938277505
222.639999389648,0.950078113639958,0.948155432663786
223.166000366211,0.950078113639958,0.948646822249576
223.64599609375,0.950078113639958,0.949113790516466
224.104995727539,0.950078113639958,0.949572437254307
224.537002563477,0.950078113639958,0.950002104412784
224.970001220703,0.950078113639958,0.950426281702207
225.401992797852,0.950078113639958,0.950833270585697
225.833999633789,0.950078113639958,0.951221943256633
226.253005981445,0.950078113639958,0.951591518188237
226.699005126953,0.950078113639958,0.951984305541038
227.11799621582,0.950078113639958,0.952348537296396
227.550003051758,0.950078113639958,0.952733709620784
227.996002197266,0.950078113639958,0.953120794615034
228.386993408203,0.950078113639958,0.953463527534967
228.84700012207,0.950078113639958,0.953867759242664
229.251998901367,0.957960516940883,0.954223594411247
229.710998535156,0.957960516940883,0.954629584968376
230.130004882813,0.957960516940883,0.95500356565348
230.561996459961,0.957960516940883,0.955379713906358
231.022003173828,0.957960516940883,0.955764611642948
231.440002441406,0.957960516940883,0.956098768472555
231.873001098633,0.957960516940883,0.956433333386746
232.304992675781,0.957960516940883,0.956764339139941
232.770004272461,0.958670643465679,0.957144630611105
233.259994506836,0.957960516940883,0.957550641981503
233.735000610352,0.957960516940883,0.957958715797923
234.195999145508,0.957960516940883,0.958363339456972
234.656997680664,0.957960516940883,0.95877453899492
235.117004394531,0.958670643465679,0.959185469381181
235.636993408203,0.957960516940883,0.95964093304877
236.098007202148,0.957960516940883,0.96003906983748
236.559005737305,0.957960516940883,0.960430221223815
237.04899597168,0.957960516940883,0.960837882809169
237.524993896484,0.957960516940883,0.961232983813944
237.955001831055,0.957960516940883,0.961589694218086
238.490005493164,0.957960516940883,0.962018290448296
238.966003417969,0.965771907721601,0.962394867659065
239.412002563477,0.967192160109836,0.962743371693912
239.886993408203,0.967192160109836,0.963099961170606
240.378005981445,0.967192160109836,0.963466834482571
240.822998046875,0.965771907721601,0.963781429628189
241.343002319336,0.965771907721601,0.964153955405737
241.774002075195,0.967192160109836,0.964432612505898
242.317001342773,0.965771907721601,0.964792406277454
242.822998046875,0.965771907721601,0.965078875950432
243.330001831055,0.965771907721601,0.965342720438437
243.886001586914,0.965771907721601,0.965597484150589
244.391998291016,0.965771907721601,0.965776697912787
244.899002075195,0.965771907721601,0.965914595505865
245.421997070313,0.965771907721601,0.966027291631658
245.945007324219,0.965771907721601,0.966108362638497
246.485000610352,0.965771907721601,0.966165073028587
247.024002075195,0.965771907721601,0.966203699166046
247.546997070313,0.965771907721601,0.966233278624691
248.02099609375,0.965771907721601,0.966259570983178
248.593002319336,0.967192160109836,0.966290950643318
249.115997314453,0.967192160109836,0.966321523085137
249.639007568359,0.965771907721601,0.966352447746112
250.162002563477,0.965771907721601,0.966383375914734
250.669006347656,0.967192160109836,0.966421462622472
251.175994873047,0.967192160109836,0.966478656650712
251.731002807617,0.967192160109836,0.966568420854326
252.255004882813,0.965771907721601,0.966688779030459
252.802001953125,0.967192160109836,0.966855097063733
253.358993530273,0.967192160109836,0.967057177487938
253.953002929688,0.967192160109836,0.967312211105895
254.52799987793,0.965771907721601,0.967586385987654
255.102996826172,0.967192160109836,0.967882000858428
255.643005371094,0.965771907721601,0.968194968277526
256.253997802734,0.965771907721601,0.968571882268905
256.829986572266,0.967192160109836,0.968927791525615
257.404998779297,0.965771907721601,0.969285618423752
257.980010986328,0.967192160109836,0.969637581515576
258.555999755859,0.965771907721601,0.969997385131923
259.113006591797,0.973654311353205,0.970352917235465
259.705993652344,0.972944184828409,0.970745867310758
260.264007568359,0.975074563080083,0.971122207674528
260.875,0.973654311353205,0.971528952971897
261.432006835938,0.973654311353205,0.971902717255395
261.989990234375,0.973654311353205,0.972262047569242
262.5830078125,0.973654311353205,0.972641733712174
263.140014648438,0.975074563080083,0.972980545695781
263.734008789063,0.973654311353205,0.973316701416568
264.273986816406,0.973654311353205,0.973577042545798
264.726989746094,0.973654311353205,0.973737016261723
265.289001464844,0.973654311353205,0.973920104029046
265.696014404297,0.975074563080083,0.974038135726494
266.226989746094,0.975074563080083,0.974141072351579
266.773986816406,0.973654311353205,0.974211462586164
267.243011474609,0.975074563080083,0.97425362962342
267.757995605469,0.975074563080083,0.974285966745327
268.273986816406,0.975074563080083,0.974312889165877
268.743011474609,0.973654311353205,0.974332866021718
269.226989746094,0.973654311353205,0.974348800539742
269.773986816406,0.973654311353205,0.974363815653373
270.257995605469,0.973654311353205,0.974373021839895
270.773986816406,0.973654311353205,0.974377002559065
271.257995605469,0.975074563080083,0.974377766674531
271.773986816406,0.975074563080083,0.974375776108301
272.273986816406,0.975074563080083,0.974371203606804
272.773986816406,0.975074563080083,0.974363778092911
273.273986816406,0.973654311353205,0.974354235827347
273.757995605469,0.975074563080083,0.974342607239982
274.296997070313,0.975074563080083,0.974328466675417
274.846984863281,0.973654311353205,0.974314873158088
275.397003173828,0.975074563080083,0.974310430937072
275.929992675781,0.973654311353205,0.974327843874215
276.497009277344,0.973654311353205,0.974376618553703
277.013000488281,0.973654311353205,0.974461614436753
277.596984863281,0.975074563080083,0.974626561601145
278.147003173828,0.973654311353205,0.974844706861581
278.713989257813,0.975074563080083,0.975123235220519
279.230010986328,0.973654311353205,0.975383203119929
279.779998779297,0.975074563080083,0.975701758092035
280.346984863281,0.973654311353205,0.976031984074621
280.897003173828,0.973654311353205,0.976408215599863
281.429992675781,0.973654311353205,0.976788015718866
281.980010986328,0.973654311353205,0.977189436400752
282.529998779297,0.973654311353205,0.977609268921399
283.096984863281,0.973654311353205,0.978049153013152
283.647003173828,0.982175827005326,0.978472788686874
284.179992675781,0.982885953530122,0.978886984626521
284.713012695313,0.982885953530122,0.97930512570522
285.256011962891,0.982175827005326,0.979728172543934
285.765991210938,0.982885953530122,0.980131276135661
286.260986328125,0.982885953530122,0.980509892439642
286.756011962891,0.982175827005326,0.980890800601738
287.190002441406,0.982175827005326,0.981219626796495
287.746002197266,0.982175827005326,0.981569259378669
288.240997314453,0.982885953530122,0.981840730182766
288.735992431641,0.982885953530122,0.982074683362243
289.230987548828,0.982175827005326,0.982259755177102
289.679992675781,0.982175827005326,0.982385484700945
290.221008300781,0.982175827005326,0.982462984114014
290.731994628906,0.982885953530122,0.982501359037772
291.226989746094,0.982885953530122,0.982512813028918
291.691009521484,0.982885953530122,0.982512361341476
292.217010498047,0.982885953530122,0.982512675406066
292.696014404297,0.982885953530122,0.982516412189593
293.207000732422,0.982885953530122,0.982523566017685
293.701995849609,0.982175827005326,0.982532127542259
294.180999755859,0.982175827005326,0.98254111807123
294.661010742188,0.982175827005326,0.982549426139832
295.119995117188,0.982175827005326,0.982556110462979
295.566009521484,0.982175827005326,0.982566655491492
296.053009033203,0.982175827005326,0.982587114445212
296.457000732422,0.982175827005326,0.982612913590194
296.944000244141,0.982885953530122,0.982667825612818
297.320007324219,0.982885953530122,0.982727568315093
297.792999267578,0.982175827005326,0.982810818342819
298.281005859375,0.982885953530122,0.982908648201686
298.726013183594,0.982885953530122,0.98300367485906
299.115997314453,0.982885953530122,0.983085234419453
299.631011962891,0.982885953530122,0.983185622823251
300.02099609375,0.982885953530122,0.983256658615045
300.522003173828,0.982175827005326,0.983344593853047
300.967987060547,0.982885953530122,0.983425706176703
301.385009765625,0.982885953530122,0.983509627377761
301.803009033203,0.982175827005326,0.983606981295545
302.290008544922,0.982885953530122,0.983749169066801
302.735992431641,0.982885953530122,0.983918358833125
303.195007324219,0.990768356500369,0.984132616767312
303.627014160156,0.990058231298287,0.984363645217201
304.109985351563,0.982885953530122,0.984663008367961
304.569000244141,0.982885953530122,0.984966558525297
305.089996337891,0.982885953530122,0.985321359621748
305.565002441406,0.982885953530122,0.985669514189489
306.039001464844,0.982885953530122,0.986018926948298
306.545013427734,0.982885953530122,0.986377737964137
307.035003662109,0.982885953530122,0.986721867586175
307.463989257813,0.982885953530122,0.987013320241803
307.984008789063,0.990058231298287,0.987352531173379
308.505004882813,0.990768356500369,0.987683263206044
308.994995117188,0.990768356500369,0.987988416350785
309.470001220703,0.990768356500369,0.988279626282417
309.975006103516,0.990768356500369,0.988589441532953
310.464996337891,0.990768356500369,0.9888792908583
310.954986572266,0.990058231298287,0.989162367137579
311.460998535156,0.990058231298287,0.989441654386922
311.904998779297,0.990768356500369,0.98964919540867
312.441009521484,0.990768356500369,0.989912288591356
312.915985107422,0.990768356500369,0.990096476568417
313.390014648438,0.990768356500369,0.990234484732876
313.920013427734,0.990768356500369,0.990377951528007
314.476013183594,0.990768356500369,0.990476937114197
314.980987548828,0.990768356500369,0.990529859613155
315.553985595703,0.990768356500369,0.990559384509342
316.075988769531,0.990768356500369,0.990568412960191
316.631988525391,0.990768356500369,0.990570517927087
317.170989990234,0.990768356500369,0.990572987670082
317.694000244141,0.990768356500369,0.99057696873702
318.216003417969,0.990058231298287,0.990580979690713
318.721008300781,0.990058231298287,0.990586729213868
319.277008056641,0.990058231298287,0.990591513950623
319.816009521484,0.990058231298287,0.9905956478467
320.372009277344,0.990058231298287,0.990598738405797
320.945007324219,0.990768356500369,0.990601218788748
321.467010498047,0.990768356500369,0.990606039018498
321.989013671875,0.990768356500369,0.990612666577667
322.56201171875,0.990768356500369,0.990621642961529
323.066986083984,0.990768356500369,0.990634239417315
323.622985839844,0.990768356500369,0.990652970252242
324.144989013672,0.990768356500369,0.990675153981161
324.747009277344,0.990768356500369,0.990703368645196
325.321014404297,0.990768356500369,0.990732879011201
325.89599609375,0.990768356500369,0.990762729369183
326.526000976563,0.990768356500369,0.9907950718231
327.118988037109,0.990768356500369,0.990821542923776
327.618988037109,0.990768356500369,0.990839304014938
328.268005371094,0.990768356500369,0.990855562312025
328.878997802734,0.990768356500369,0.990864450433131
329.490997314453,0.990768356500369,0.990869622653716
330.0830078125,0.990768356500369,0.990872103998391
330.639007568359,0.990768356500369,0.990873237480807
331.231994628906,0.990768356500369,0.99087415731245
331.843994140625,0.99289873739747,0.990875064642238
332.43701171875,0.990768356500369,0.990875742955095
333.010986328125,0.990768356500369,0.990875904010672
333.622985839844,0.990768356500369,0.990874494008465
334.234008789063,0.990768356500369,0.990871382470045
334.808990478516,0.990768356500369,0.990868117934885
335.402008056641,0.990768356500369,0.990862631582489
335.994995117188,0.990768356500369,0.990855308217423
336.524993896484,0.990768356500369,0.990847233996115
337.092010498047,0.990768356500369,0.990836578898521
337.609008789063,0.990768356500369,0.990825884763306
338.175994873047,0.990768356500369,0.990812819002663
338.692993164063,0.990768356500369,0.990801636813541
339.243011474609,0.990768356500369,0.99079757158431
339.777008056641,0.990768356500369,0.990810722962789
340.309997558594,0.990768356500369,0.990855063304526
340.843994140625,0.990768356500369,0.990933790272323
341.377990722656,0.990768356500369,0.991051747247885
341.911010742188,0.990768356500369,0.991217317100167
342.445007324219,0.990768356500369,0.99143494970448
342.97900390625,0.990768356500369,0.991688001161791
343.511993408203,0.990768356500369,0.991982617379482
344.045989990234,0.990768356500369,0.992326777526168
344.56298828125,0.990768356500369,0.992677584621243
345.113006591797,0.990768356500369,0.993076180274411
345.647003173828,0.990768356500369,0.993465647255135
346.164001464844,0.990768356500369,0.993816010426407
346.697998046875,0.990768356500369,0.99414353460517
347.220001220703,0.990768356500369,0.994431842446796
347.700012207031,0.99289873739747,0.994669903691979
348.179992675781,1,0.994895816772319
348.660003662109,1,0.99510460558033
349.110992431641,1,0.995302565538922
349.621002197266,1,0.995504235497555
350.101013183594,1,0.995705275723666
350.582000732422,1,0.995910645485521
351.032012939453,1,0.996113373993638
351.557006835938,1,0.996333715391469
352.023010253906,1,0.996481524444037
352.502990722656,1,0.99665039514233
352.953002929688,0.990768356500369,0.996804723745493
353.463012695313,0.990768356500369,0.996967318954648
353.959014892578,0.990768356500369,0.997111999324774
354.364013671875,0.990768356500369,0.99722143280629
354.873992919922,0.990768356500369,0.997350515190357
355.339996337891,1,0.997462622282365
355.850006103516,0.99289873739747,0.997582013038321
356.345001220703,1,0.997697150743525
356.773010253906,0.995739240851226,0.997797965680493
357.218994140625,1,0.997905700589731
357.651000976563,1,0.998013853241942
358.096984863281,1,0.998130373507467
358.528991699219,1,0.998248588332332
358.920989990234,1,0.998360729577003
359.380004882813,1,0.998498104941275
359.825988769531,1,0.998637819815504
