alpha,t,t_norm,D1_t,D1_k,D2_t,D2_k,D3_t,D3_k,D4_t,D4_k,AE08_t,AE08_k,AE09_t,AE09_k,AE1_t,AE1_k,AE15_t,AE15_k,AE2_t,AE2_k,AE3_t,AE3_k,R1_t,R1_k,R2_t,R2_k,R3_t,R3_k
0.1,0.7828207940959973,0.044949666,0.013811298,0.012774315750705138,0.008390302,0.006611392986734673,0.007926412,0.001486395808531592,0.005059123,0.001521398746533676,0.026697472,0.07668051235728546,0.041654404,0.10481518092977875,0.05780466,0.13459084946701855,0.14379194,0.28496372007404974,0.23027298,0.4146451504898277,0.36249393,0.6033420702819805,0.105026856,0.12774315750705137,0.085019544,0.0655535753987563,0.07498484,0.04408494977988314
0.11190476190476191,0.8871141731647206,0.050938204,0.015728092,0.014116193964399917,0.01270552,0.007337175559873237,0.009408675,0.0016519800416564777,0.0078037903,0.001695830292602497,0.032155693,0.07851912314644124,0.04555834,0.10556890116563261,0.06172232,0.13377792309441833,0.15698497,0.27222612016070974,0.23920827,0.3883313617164043,0.3717415,0.5539558305554617,0.13284606,0.12614471202229713,0.09550184,0.06494310546086553,0.08306257,0.043722142507895155
0.12380952380952381,0.9914075522334441,0.056926742,0.020540707,0.015461651619869458,0.0129577,0.008071226583493149,0.011443926,0.001819941210751417,0.009035908,0.0018737822628567113,0.035774767,0.0803842885453484,0.051521994,0.10647195770094302,0.07215792,0.1333172950021677,0.17266233,0.26172201456239713,0.25408244,0.3667052563571306,0.38381988,0.5137999004966747,0.14701886,0.12488257077586869,0.1092294,0.06450377865892064,0.0936875,0.043474385328760336
0.13571428571428573,1.0963186647228529,0.06295075,0.026233321,0.016800194997678805,0.01655459,0.008808198128243664,0.013899028,0.001989090601163971,0.008531973,0.0020540738194326966,0.03965599,0.08221540873023099,0.057187594,0.10741787345126859,0.07742214,0.1330378490358314,0.17846121,0.252738385598731,0.2633961,0.3483527178779831,0.39143056,0.48013923870528596,0.144865,0.12379091050921223,0.120340236,0.0641513476525651,0.101461604,0.04328521904670244
0.14761904761904762,1.201623417558211,0.06899736,0.030799484,0.018134952183468906,0.019548979,0.009549823584517517,0.017151345,0.0021598343331916763,0.010511279,0.002237162784394778,0.04502462,0.08403043390879572,0.0648259,0.10841278377262209,0.08532648,0.13292161466133895,0.19453573,0.2449858180892456,0.28204772,0.33259338897715673,0.41589597,0.4515296569167659,0.15983845,0.12284967608156357,0.12618473,0.06387625557094065,0.11234769,0.04314839058598106
0.1595238095238095,1.3069281703935693,0.07504398,0.034784026,0.019471495359477387,0.024368092,0.010299161522404043,0.01967828,0.002332881588028163,0.013696535,0.002423828383400985,0.05051822,0.08585563584765256,0.07032621,0.10947679725004145,0.092552826,0.1329733785536071,0.19679765,0.23828272745252918,0.29431093,0.3189748868895999,0.42058325,0.4269926719153522,0.18785784,0.1220601201638881,0.13870825,0.06367994546174859,0.120651335,0.04306506170701057
0.17142857142857143,1.412232923228928,0.081090584,0.04081776,0.020809425002533355,0.028500782,0.011056154455340217,0.02344258,0.0025082394933384116,0.016232241,0.00261412887136571,0.05634701,0.08768832657821428,0.07850891,0.11059524019478059,0.10050048,0.13315950110621788,0.21528414,0.232423121157311,0.30746263,0.307066835751538,0.4272396,0.40568270983093657,0.20159616,0.12138831251477789,0.14689471,0.06354547376081329,0.13123316,0.0430239550206114
0.18333333333333335,1.5175376760642862,0.0871372,0.046788566,0.02214845248408006,0.03241087,0.011820805456915892,0.027405476,0.002685929537857023,0.01897824,0.00280813946692279,0.0606716,0.08952758020888124,0.08427114,0.11175822011976669,0.10807588,0.13345583922286403,0.22340533,0.2272541867413168,0.3096296,0.29655076537107017,0.4471747,0.38697793736258956,0.21558324,0.12080974082225485,0.1564966,0.06346062269419166,0.13985014,0.04301694810980818
0.19523809523809524,1.62328653381359,0.09320931,0.05295376,0.02348193805479866,0.035557456,0.01258971505191264,0.030650774,0.002865199569609921,0.023050008,0.0030051262105037766,0.065166734,0.09134854281493676,0.092843086,0.11292808884955255,0.113577485,0.13380805623028616,0.23844719,0.22259895062603066,0.32588977,0.2871068392140745,0.45543784,0.37030874086185844,0.22424708,0.1202733412562858,0.16683048,0.06339901841800023,0.149296,0.043026276642152125
0.20714285714285713,1.7295111164794708,0.09930874,0.059305467,0.024809417445461928,0.04072646,0.01336274992563246,0.034850556,0.0030460377150904943,0.026546827,0.0032051259528146567,0.07262112,0.09315349461264147,0.09810197,0.11410289169501804,0.12297104,0.1342068397741491,0.24589804,0.21837788090900903,0.34662852,0.27856442081833704,0.46785378,0.3553388109768691,0.2443726,0.1197696014608507,0.18028153,0.06335590410430592,0.16004238,0.04304878232090279
0.21904761904761905,1.8357356991453517,0.10540817,0.06743856,0.026137672995502213,0.045702774,0.014143697856894616,0.03921155,0.003229327857537657,0.029635638,0.0034091229413908027,0.0779189,0.09497092908463152,0.10386568,0.11531332160222421,0.13076535,0.13468229822429026,0.25751966,0.21458710852326143,0.3512181,0.27086331072649605,0.47727185,0.3418981391874495,0.25953135,0.11932415932729272,0.19307482,0.06334512008760354,0.16910475,0.043093945175228465
0.23095238095238094,1.9419602818112325,0.111507595,0.0744744,0.02746657733793882,0.051848464,0.014932663625645484,0.045235068,0.0034151180210458525,0.030313533,0.003617230530409887,0.08485773,0.09680170254919528,0.111596495,0.116556355149584,0.13901454,0.1352254165619869,0.2690931,0.2111667021973723,0.37389067,0.2638815293320745,0.49243447,0.3297558791136958,0.26839894,0.11892744826736398,0.20413253,0.06336195427379852,0.18003485,0.0431586570315159
0.24285714285714285,2.0481848644771135,0.11760703,0.08229032,0.028796029528219247,0.056854818,0.015729771472711644,0.048340447,0.003603461733051768,0.03574469,0.003829571082132444,0.09144496,0.0986469698738495,0.118524864,0.11782993806145035,0.14694428,0.13582920825277187,0.27848434,0.20806820887886668,0.37363625,0.2575206194522215,0.5047287,0.31872658394278924,0.28533942,0.11857188629266749,0.21657027,0.06340269395385871,0.19055262,0.043240478505147915
0.25476190476190474,2.1547662256452993,0.12372694,0.090925194,0.030120960383290204,0.06323152,0.016532424316765455,0.05418069,0.003793789174262418,0.039533917,0.004045605649989077,0.098359875,0.10049145342121737,0.12742777,0.11911301199434463,0.15552086,0.13646562547600707,0.2890151,0.20521800443540214,0.38424626,0.2516584719073214,0.51533777,0.3086083341321229,0.29994428,0.11823180711198025,0.22533517,0.06345387236956135,0.20060425,0.043330299782785804
0.26666666666666666,2.261628731530217,0.129863,0.09936434,0.031442433552299885,0.06949402,0.017341360541221543,0.06033942,0.003986294131414552,0.04522355,0.004265606795210108,0.10341813,0.10234156296751298,0.13559878,0.12041098708461402,0.16604215,0.13713786174532228,0.29701072,0.2025961298426661,0.39551422,0.24624534560603265,0.5129222,0.29929875896308733,0.29885927,0.11790912582112456,0.2348008,0.06351668574935834,0.21040048,0.043428992403687215
0.2785714285714286,2.3684912374151343,0.13599905,0.108370215,0.032764335198055425,0.07706945,0.018158900431479618,0.0652362,0.004181536804161496,0.047180217,0.004490246212127396,0.11066115,0.10421221359742157,0.14571092,0.12173929947582653,0.1728849,0.137860719351614,0.30017844,0.20020262433619096,0.3991747,0.24125947530807235,0.5201785,0.29073612106194735,0.3205989,0.11761556224942973,0.2444177,0.06359765387864388,0.22083208,0.04354107892462103
0.29047619047619044,2.4753537433000514,0.14213511,0.11673834,0.03408660982776244,0.082435444,0.018985218222768344,0.07214885,0.004379587167117616,0.052916065,0.004719678882916699,0.11813411,0.10610491222411088,0.15169367,0.12309761200265884,0.18166924,0.13863118582579614,0.32363206,0.19801353107697217,0.42194575,0.23665290149919033,0.5266325,0.28283216547567785,0.33477896,0.11734734530869037,0.2544425,0.06369499210578282,0.22805737,0.043665414794580616
0.3023809523809524,2.5822162491849694,0.14827117,0.1277683,0.03540921113468765,0.09084811,0.019820500763086397,0.07853307,0.004580519591210198,0.057170484,0.004954069066993792,0.12514761,0.10802127763421229,0.16056238,0.12448591261416747,0.19097662,0.13944691982090976,0.33554474,0.19600857919502862,0.41189465,0.23238503546680866,0.527677,0.2755124542542452,0.34614116,0.11710132816195916,0.269231,0.06380723408549703,0.24136999,0.043801070383088385
0.3142857142857143,2.697345099190581,0.15488188,0.13769913,0.036619530157161635,0.096983016,0.020601616786482854,0.08589684,0.004769750427011952,0.062557176,0.005177674265054767,0.13297543,0.1096260313745647,0.16590407,0.12551860786999663,0.20046443,0.1398761438626027,0.34133276,0.1935754434290556,0.43261194,0.22772125502562568,0.55936617,0.2678902296274546,0.356123,0.11651668686369612,0.28487736,0.06373723882819633,0.25321934,0.04381260796726539
0.32619047619047614,2.814236844865798,0.16159382,0.15079135,0.03780784369712261,0.107315734,0.021378872712549422,0.09283039,0.0049589009872081915,0.068530545,0.005403071980292053,0.14095901,0.11120428685259097,0.17375031,0.1265257923099043,0.21049458,0.14028947647190776,0.35180965,0.1912331511727348,0.4519127,0.22327095240034855,0.5441536,0.2606761321457851,0.37632024,0.11590725804957298,0.29586875,0.06365526218352527,0.2575076,0.043816739166941114
0.3380952380952381,2.931128590541016,0.16830575,0.16028413,0.03899808094109483,0.11526452,0.0221658971702313,0.1003384,0.005151155684343724,0.073322214,0.005633801427337127,0.15029341,0.11282903176487358,0.18479146,0.12758942162504394,0.21777837,0.14077635451354073,0.36405957,0.18909273898269294,0.46336448,0.2191530007133378,0.5740078,0.25399197229913784,0.3800035,0.11534643658633682,0.31427094,0.0636016805338533,0.27548462,0.04384129075128604
0.35,3.0480203362162324,0.1750177,0.1719773,0.0401900205666179,0.12430386,0.022962807599502644,0.10710706,0.005346578187561997,0.080253914,0.005870032009764392,0.15806288,0.11449993219229929,0.19590229,0.12870714711066314,0.22889104,0.14133203475512957,0.3698546,0.18713475557394357,0.45436576,0.21533338904355867,0.5900363,0.2477811686812115,0.39310956,0.11482863019033686,0.320955,0.0635737966928047,0.28628755,0.04388451516210881
0.36190476190476184,3.165856313286549,0.18178385,0.1819481,0.04137113113430411,0.13267118,0.02376265844948314,0.11573619,0.005543586240609019,0.08632774,0.006110124782264748,0.16623336,0.11618239705358673,0.19976065,0.12983850180985435,0.23896107,0.14191033524833666,0.37703422,0.18528728487077295,0.4714125,0.21171976976781323,0.5755318,0.2419230274856628,0.42363995,0.11431496760794557,0.3315401,0.06355037733003058,0.29543763,0.04393184471408541
0.3738095238095238,3.296698086560828,0.18929681,0.19550642,0.0423859135479632,0.1434632,0.02447580413504154,0.123894125,0.005721255202071815,0.09261929,0.0063310142700229825,0.1743334,0.11744780725828276,0.21452509,0.1305061942747691,0.2488098,0.14199076373049985,0.39596298,0.182871911627094,0.486175,0.20753457479205661,0.60415787,0.2355233198521367,0.42869395,0.11338906809009264,0.3405485,0.06329909940797974,0.30871353,0.04382249076607826
0.3857142857142857,3.4275398598351057,0.19680975,0.20583594,0.04340591686400957,0.15422419,0.025200538720218775,0.13369761,0.005902512811370117,0.10180637,0.006557987409160878,0.18326096,0.11878389740885356,0.22072381,0.1312561869250688,0.25929907,0.14217052063086427,0.40181878,0.18066701307750746,0.4857672,0.2036636486382694,0.5996152,0.22958746630109897,0.45127508,0.11253385853632111,0.3518238,0.06308786944075888,0.3217418,0.043741536289039186
0.39761904761904765,3.5583816331093847,0.20432271,0.22103985,0.04443056516434601,0.1633732,0.025936816689898348,0.14543633,0.006087391577181446,0.10944464,0.006791200621375375,0.19152993,0.1201885494354252,0.23268215,0.13208401056906685,0.2700768,0.14244262555587242,0.41279325,0.1786525168044206,0.4986124,0.2000754134922521,0.58774227,0.22406721047159162,0.4434138,0.11174154113188815,0.3666801,0.06291285684623742,0.33337656,0.04368647647657444
0.4095238095238095,3.6922652964639204,0.21201032,0.2335922,0.04542191232236451,0.17436567,0.026662661725461504,0.15305692,0.006270768054466045,0.11848116,0.007025040905587993,0.2032141,0.12156010482264917,0.24182242,0.1328765682403439,0.27769285,0.14268367054148917,0.42433003,0.17666555519393426,0.51060563,0.19658061405618463,0.5992794,0.21874064686964764,0.4530643,0.11091397194995986,0.381625,0.06271908856528662,0.34247315,0.043619228463346954
0.4214285714285714,3.8388863355475285,0.22042932,0.24741441,0.0462639487842496,0.18618333,0.027309529777655654,0.16489989,0.006436501782260324,0.12472277,0.007241409360336029,0.21142164,0.12259441304391529,0.25325257,0.13330302952047515,0.2945804,0.14253958573087602,0.4248635,0.1742697107515112,0.5152674,0.19269263670012782,0.61987495,0.21306314263292286,0.48567164,0.10977886152194823,0.39177996,0.062351721260378426,0.3568567,0.04343190941194758
0.43333333333333335,3.9855073746311374,0.22884832,0.26255018,0.04711514999897769,0.19726335,0.027970268662121916,0.17446515,0.006606433996766775,0.13635457,0.0074648126722218966,0.221522,0.12371904137016622,0.26436675,0.13383093991661127,0.3040061,0.14251235394050846,0.44277424,0.17208399112037348,0.527797,0.18909691700247333,0.6479926,0.20779181019126683,0.49905288,0.10872726922841004,0.40806744,0.06203158696044318,0.36887735,0.043278046410631016
0.4452380952380952,4.132128413714745,0.23726732,0.27636987,0.047974540382938864,0.2095789,0.028644647489756054,0.18707275,0.006780562276351642,0.14386104,0.007695395845975246,0.2328032,0.12493082048155564,0.27485138,0.13445466683352975,0.31606078,0.14259388835934395,0.45479846,0.17008891262000775,0.531552,0.18576485423978997,0.61749786,0.202885541092413,0.50746536,0.1077503046033921,0.41492435,0.06175427512571916,0.37925696,0.04315474726229415
0.4571428571428571,4.292046715944762,0.24644984,0.2905674,0.04868996207808847,0.22275369,0.029241643084004117,0.19672418,0.0069373466016375614,0.15491799,0.007908758537860544,0.24163158,0.125836400486639,0.2877701,0.13475092704373726,0.3258323,0.14233514282439497,0.46463504,0.1677464279336101,0.545011,0.18210583038121977,0.64730227,0.19769442406224288,0.51809525,0.10650929204581855,0.43793833,0.06132542812480893,0.39342695,0.04292614991835523
0.46904761904761905,4.4599175192915395,0.256089,0.304016,0.049329537594046895,0.23487715,0.029801162070012044,0.21004531,0.007086185879000596,0.16373646,0.008115491648803421,0.25343525,0.12661901652989457,0.29779455,0.13491922913985754,0.33764446,0.14194947262564192,0.47823593,0.1653155018705779,0.5603045,0.17840354430459243,0.64145595,0.19252776817843748,0.53436595,0.10516957253553146,0.4414968,0.060838615412847255,0.40713686,0.042657362942412486
0.4809523809523809,4.627788322638315,0.26572818,0.3212252,0.049983961369237974,0.24882837,0.030377771612696856,0.22005442,0.007240057873257324,0.17366199,0.00833049833114346,0.26611835,0.1275138550512861,0.31107387,0.13521021463671903,0.3485424,0.1417004415004173,0.48734912,0.16310088101912099,0.55874676,0.17498420903553058,0.64958876,0.18773334160102184,0.56250495,0.10392704839148491,0.4558192,0.06040691264005989,0.41765052,0.0424276275660287
0.4928571428571429,4.802903528880753,0.2757833,0.33974233,0.05057527426996069,0.26254374,0.03092423920482482,0.23393986,0.007387743079000854,0.18359981,0.008540992294237557,0.27680254,0.12832267618515686,0.31929862,0.13541231283476732,0.3590255,0.1413650183655076,0.49998575,0.1608397347205178,0.5867755,0.17156118812456772,0.65016395,0.18299732539262026,0.5404823,0.10261649851876081,0.47861597,0.05993465517078774,0.4324947,0.04216986719287281
0.5047619047619047,4.9986292117887,0.2870219,0.35586745,0.05097089015884309,0.278472,0.03135856892092574,0.24745911,0.007509591560196879,0.20032805,0.008724151669468161,0.2896402,0.12871357933534155,0.33585966,0.13517764959089767,0.37285677,0.14058186790866956,0.51009893,0.15812573796940835,0.5912694,0.16770236734852015,0.67557114,0.17785898978532513,0.58939534,0.10098006540902875,0.48245898,0.059269939196987774,0.44567624,0.0417768934178421
0.5166666666666666,5.194354894696645,0.29826048,0.3731829,0.05139126029239751,0.2920693,0.03181526537360293,0.26298854,0.007637734078316384,0.20533915,0.008917157160830374,0.3026854,0.12924768802248038,0.3453797,0.13509835839885362,0.385891,0.1399690138573188,0.522779,0.15566013245144136,0.60455626,0.16415349814619767,0.6838891,0.1731102918214445,0.59086275,0.09946695540464036,0.49092484,0.05867489207511924,0.45498532,0.04143309742112016
0.5285714285714286,5.395819202219392,0.3098286,0.38723177,0.05177856125852473,0.3071653,0.032258855246810735,0.27662873,0.0077637111619417816,0.2263804,0.009110305748766903,0.3138379,0.12977947649215174,0.35874337,0.13502027018375204,0.39956382,0.1393648772133754,0.53594697,0.1532556265275502,0.6005977,0.16071187707830414,0.6790056,0.1685308919433955,0.6026532,0.09795944021883057,0.51526135,0.058080789205372345,0.4734289,0.04109015519496453
0.5404761904761904,5.617025521724377,0.3225303,0.40529153,0.05200519587135127,0.323367,0.03260921252655697,0.29276595,0.007868205892442416,0.23909813,0.009280895555857158,0.3276648,0.12999125871455375,0.37437525,0.13461381855369436,0.41258493,0.13842994292356764,0.55164844,0.15053976283642992,0.6153383,0.15698632444142827,0.7038089,0.1637089470401734,0.616835,0.0962210672509583,0.52823335,0.0573467476010753,0.48779356,0.04064823980780255
0.5523809523809523,5.838231841229363,0.335232,0.424806,0.05226320654114987,0.34117603,0.03298585268520227,0.30841237,0.007979997417278534,0.2509805,0.009462780216417674,0.34282094,0.13036538004757403,0.38713884,0.1343801764553601,0.42737597,0.13768085446195724,0.5586317,0.148077334887992,0.62057817,0.1535663661660805,0.6937239,0.15925886858574934,0.6242608,0.0946144256348403,0.54027003,0.05668781688295843,0.50461173,0.0402595306951282
0.5642857142857143,6.076866737322848,0.34893444,0.4415851,0.05239844497350577,0.3574902,0.03329149609458362,0.32409397,0.008075581341338298,0.26364574,0.009628206841200209,0.35691893,0.13051798251454919,0.39700073,0.13392254017327077,0.43990296,0.1367100175709936,0.5735946,0.14542541837113662,0.6374286,0.14998931208368685,0.7071393,0.1546964347176509,0.65004617,0.09285800375051655,0.54843336,0.05593563925038375,0.5087615,0.039804562008108106
0.5761904761904761,6.322717352407109,0.3630512,0.4584496,0.052508351448956415,0.3768219,0.033587176274490094,0.34152347,0.00816970739012004,0.28071803,0.009794679788443107,0.3710543,0.13069331386660435,0.41835317,0.13349288917410346,0.4529618,0.13577566624237947,0.5916963,0.1428608969236919,0.6425205,0.1465409785835043,0.70777535,0.15031585875931733,0.6645533,0.09113019672959378,0.5805531,0.055196750681152894,0.5291346,0.0393589258324795
0.5880952380952381,6.577701824347755,0.37769243,0.48051965,0.05258006797907564,0.39537698,0.0338645491401406,0.35940823,0.008260365539022544,0.297429,0.009959891185716442,0.3853584,0.13086025682941899,0.4313136,0.13305864825301586,0.4715498,0.13484392276592538,0.59157115,0.14034475647881922,0.6457888,0.1431787603157448,0.7233939,0.1460699916398186,0.6637814,0.08940740304134319,0.5870441,0.05445700339579705,0.54362214,0.03891259604281721
0.6,6.854496651041683,0.39358604,0.50041234,0.05252026783692287,0.4135375,0.03406285233429288,0.37823337,0.008332701814412395,0.31049296,0.010105909651629856,0.40313998,0.13078744287476457,0.44854638,0.13238512879287345,0.48692864,0.1336773184847797,0.59861726,0.1376300583296095,0.67705065,0.13965004446176513,0.73786694,0.14169967778017947,0.6651742,0.08753377972820478,0.59826267,0.05362092749880739,0.5612371,0.03839723230908938
0.6119047619047618,7.139366774271852,0.4099433,0.5188576,0.052445468832200644,0.43249062,0.03425666117011916,0.3962605,0.00840489338028043,0.32674465,0.010254680718807812,0.41928762,0.13076564674800203,0.46046364,0.13176800159886085,0.49680054,0.13257541465464015,0.6238157,0.13502745998154897,0.69279337,0.13627043748421167,0.73506474,0.13752485705260187,0.6831514,0.08570854828608666,0.62129164,0.052809599050117464,0.5690503,0.03789930314490633
0.6238095238095237,7.453860126913764,0.42800155,0.541224,0.05220628176136512,0.45238703,0.034347741913191156,0.41617042,0.008452806375996743,0.34797835,0.010376744163175545,0.4363422,0.13042276135043787,0.48184398,0.13083267163668064,0.51823336,0.1311615272629542,0.6366379,0.1321530620457267,0.67451984,0.13265163677525998,0.7546257,0.13315209248096652,0.7103186,0.08368945931211204,0.6312285,0.05187329896237883,0.58956325,0.037311261706956825
0.6357142857142857,7.786159644627831,0.44708222,0.55804783,0.051903977250204646,0.47307658,0.034401099815380455,0.43610105,0.008492306999782831,0.3680543,0.01049131984043714,0.45540136,0.13001094948919967,0.4987085,0.12983467100075644,0.5351442,0.12969382031380713,0.64235526,0.12927218439831398,0.7047458,0.12906188074790337,0.7452612,0.1288519192254268,0.7190093,0.08164670578683877,0.6441395,0.050915875858172435,0.6043448,0.03670738201572291
0.6476190476190475,8.136241169448578,0.46718395,0.5806828,0.05154842661423065,0.4958717,0.03442262271748056,0.4577295,0.008524816803887881,0.3904492,0.010600155621976201,0.4740916,0.1295548453005568,0.51464,0.1287987708805198,0.55229646,0.12819708951473835,0.67186147,0.12640885742569302,0.708194,0.1255241173180044,0.7711725,0.12464556953792712,0.7305333,0.07959683521315028,0.6637456,0.04994728546411541,0.62123525,0.036094764617315464
0.6595238095238095,8.502863314728026,0.48823544,0.60447985,0.05115590351492216,0.5168632,0.03442267842308449,0.47785664,0.008552888961296789,0.40561327,0.010706467000800593,0.49264416,0.12909549756481736,0.53576094,0.12776553851526679,0.571493,0.12671144309132867,0.6780805,0.12360104961300726,0.71861523,0.12207460273410951,0.75950366,0.12056700715203643,0.7574144,0.07756490785656069,0.6772723,0.04898310228062397,0.63975656,0.03548464726656892
0.6714285714285714,8.87708480040627,0.5097233,0.6244054,0.05078427621982163,0.54058963,0.03444016151122002,0.500577,0.008586223804846508,0.43527716,0.01082257369822164,0.51161444,0.1287801976518604,0.5562623,0.1268794741318546,0.5913978,0.1253791138808623,0.68798107,0.12098364771443638,0.7394947,0.11884404189336988,0.77926147,0.1167422751782985,0.76679844,0.07563615607207477,0.6913292,0.04807755083733758,0.6562644,0.03491645077555901
0.6833333333333332,9.257829915550982,0.5315857,0.64792717,0.05043778603667013,0.5654618,0.034478551483164775,0.5279123,0.008625799177151776,0.4545601,0.010950085331152945,0.53405803,0.12862296911076268,0.57338023,0.1261517348660189,0.6058817,0.1242089770005483,0.71054953,0.11855838026280124,0.7390017,0.1158302233058083,0.77357274,0.11316484420024596,0.76132846,0.07381139420000508,0.7185756,0.04723229634996357,0.6752997,0.03439174032082072
0.6952380952380952,9.641599740011566,0.5536218,0.6675582,0.050132345472133744,0.5900423,0.03454951028451133,0.55252117,0.008674669634002896,0.4834464,0.011093340764210178,0.55685806,0.1286690238624762,0.59147495,0.1256236590733757,0.6305154,0.12323934610423595,0.7338481,0.1163545106834152,0.7490102,0.1130576993282081,0.77989674,0.10985430046769488,0.7751752,0.07210816814484991,0.7324589,0.04645987850617612,0.6957296,0.03392006124738983
0.7071428571428571,10.02967980891269,0.57590544,0.69293404,0.049857127040466645,0.61401284,0.03464653788610194,0.578066,0.008731367991269525,0.5084158,0.011251016122541813,0.58062214,0.12889675722214664,0.61834836,0.12527080658361642,0.65375125,0.12244362525049846,0.7457372,0.11433918618391563,0.77429813,0.11049040244006084,0.80433804,0.10677117302312888,0.7819431,0.07050502813803364,0.7466822,0.045747944048033985,0.71404123,0.03349286810291688
0.719047619047619,10.429436760094353,0.59885955,0.71380424,0.049574055661024255,0.63817906,0.03474385901244575,0.6062262,0.008789541532958637,0.5391316,0.011415442053162455,0.6045338,0.1292141266007191,0.6379837,0.12500092740212984,0.67311424,0.12172949661763553,0.7571368,0.1124200046829233,0.7879491,0.10803574858343344,0.77713716,0.103822473632718,0.80369234,0.06894405091930525,0.768595,0.045060015906979695,0.72777,0.03308384209949563
0.7309523809523809,10.852425928185204,0.6231476,0.7400045,0.04923243768311086,0.6686288,0.034805920066248934,0.63295984,0.008840267012170713,0.5678315,0.01157537775534377,0.6299982,0.12949381937317783,0.6619435,0.12468938968939648,0.6996895,0.12097450848804064,0.77006745,0.11048083995803913,0.80057317,0.10558045225791204,0.8026137,0.10089742169971723,0.8255625,0.06735382354041226,0.7759814,0.04434971493746203,0.7517109,0.03265909689722799
0.7428571428571428,11.287345655462474,0.64812076,0.7627908,0.048889858744320266,0.69531375,0.034873158119215104,0.662627,0.008893865580514502,0.5937354,0.011744654079878424,0.65773845,0.12989195365353773,0.69340765,0.12448541255638185,0.71811193,0.12032266270643839,0.7747424,0.10865115511811058,0.8174614,0.1032470863647265,0.8589995,0.09811180406887758,0.84036756,0.06581327138658498,0.7964652,0.04366903098465395,0.76232046,0.032257016959058124
0.7547619047619047,11.739445387816257,0.6740804,0.78848994,0.048525761998181274,0.7230484,0.034931245905289045,0.69508266,0.00894681424330537,0.6300251,0.011919178350293533,0.68510276,0.1303619709407324,0.7141303,0.12434197221274777,0.747018,0.11972675681139913,0.80935043,0.1068837343548872,0.83060634,0.10098847620906945,0.8458566,0.0954183757574097,0.8500758,0.06429280769475122,0.8210686,0.04299903295158021,0.7962476,0.031863932195049856
0.7666666666666666,12.203965719484422,0.7007532,0.8097231,0.04816285060841759,0.7530203,0.034996791661187465,0.72581697,0.009003502334212236,0.6688102,0.012105405582420006,0.71238405,0.13097394835726686,0.7455285,0.12432347864514902,0.76929224,0.11924707640594084,0.82286566,0.10522804466035593,0.8257109,0.09884925046340769,0.85432124,0.09285713089809733,0.8659555,0.06282110948924033,0.8502325,0.04235951823717443,0.8038336,0.0314948237880629
0.7785714285714285,12.703268002191162,0.72942317,0.84044677,0.04771791552246219,0.78526217,0.03500937611791341,0.75678504,0.009048507991005058,0.7036402,0.012283210100931918,0.7477044,0.13151100100126725,0.77523124,0.12422182685922485,0.7915224,0.1186824695711454,0.8288538,0.10350291064093904,0.8577521,0.09665749975901373,0.8486226,0.09026482638806473,0.89451605,0.06128906580866705,0.8546257,0.041677309008321166,0.82536864,0.031095547648857504
0.7904761904761904,13.25523368800402,0.76111716,0.8628679,0.04714006726831544,0.81041676,0.03493017849884472,0.7934334,0.009071743918802755,0.74116236,0.01243905862761616,0.7838178,0.1318356353882033,0.8117156,0.12390739833750371,0.8259583,0.11790949398452683,0.8630626,0.10160226448145324,0.87629515,0.09431498357330079,0.8598795,0.08755037273855026,0.8547242,0.05963502485750749,0.8794854,0.040909297002714,0.8598522,0.03063374289237862
0.8023809523809523,13.916029043567285,0.7990601,0.8915688,0.04626428923999473,0.8502462,0.03463334547133386,0.8278974,0.009040210895655166,0.78924716,0.01252715630998887,0.8175247,0.1314777024954081,0.8356376,0.12294197043069661,0.8565689,0.11651413620973419,0.89248484,0.09917768597411339,0.89092684,0.09150222332006169,0.8765115,0.0844207725788219,0.89310026,0.05765875810325753,0.89428854,0.03991486066442039,0.878867,0.03000326963724119
0.8142857142857142,14.718644626159232,0.84514636,0.91428196,0.04504906812624219,0.881555,0.03408107238153754,0.87059176,0.008943313413962583,0.8338584,0.01253109772013876,0.8589032,0.13029068795036175,0.87021786,0.12119738354937509,0.88468456,0.1143818556224722,0.90966773,0.09614989597151123,0.90340745,0.08815453503431275,0.8928921,0.08082402969441019,0.91031504,0.05532341699713954,0.92381793,0.038662133013454295,0.9096499,0.02917834456609718
0.8261904761904761,15.578066827087143,0.8944945,0.94434285,0.043817420384983645,0.92157173,0.03351246334477374,0.9094289,0.008843242332889757,0.87590736,0.01253681043330395,0.90101403,0.12918749741065982,0.9072012,0.11952871695641877,0.9204259,0.11232428834407607,0.94424516,0.09321330991285126,0.90913737,0.08491414803479513,0.8712899,0.07735389445151553,0.92929834,0.05303549441410125,0.9422162,0.03743053053731402,0.9300957,0.028368524521130603
0.838095238095238,16.46479810231325,0.9454107,0.9696995,0.04266093174985415,0.9593654,0.03299813482117736,0.9494998,0.008758860539014628,0.93401,0.012572174222836758,0.94369173,0.1284563554327099,0.95397294,0.11819791552657269,0.9584867,0.11058422914068396,0.9447225,0.09056144150361696,0.9340003,0.08195366735847369,0.9027759,0.0741640535087453,0.9396,0.05090224811062143,0.97176015,0.03629720135071424,0.95934993,0.027632933417799505
0.85,17.415497761265755,1.0,1.000271,0.04148603789016759,0.99420846,0.032467174353449105,0.99285436,0.008671731737976376,0.9871728,0.012612458311138915,0.99492764,0.12784466428609909,0.9934686,0.11696564752114279,1.0020472,0.10893286031165375,0.9870971,0.08799553598518507,0.9551147,0.07908816656417376,0.93562174,0.07108244776798193,0.9520302,0.048807103400197165,0.99831283,0.035181404159574665,0.9828646,0.026911129491290035
